<?xml version="1.0" encoding="UTF-8"?>
<metadata xml:lang="da"><Esri><CreaDate>20190806</CreaDate><CreaTime>16230000</CreaTime><ArcGISFormat>1.0</ArcGISFormat><SyncOnce>TRUE</SyncOnce><DataProperties><lineage><Process ToolSource="c:\program files (x86)\arcgis\desktop10.6\ArcToolbox\Toolboxes\Data Management Tools.tbx\CalculateField" Date="20190806" Time="162300">CalculateField musselfarms_app_areas name "Sankt Anna" VB #</Process><Process ToolSource="c:\program files (x86)\arcgis\desktop10.6\ArcToolbox\Toolboxes\Data Management Tools.tbx\CalculateField" Date="20190806" Time="162352">CalculateField musselfarms_app_areas Origin "Existing pilot farm" VB #</Process><Process ToolSource="c:\program files (x86)\arcgis\desktop10.6\ArcToolbox\Toolboxes\Data Management Tools.tbx\CalculateField" Date="20190806" Time="162659">CalculateField musselfarms_app_areas Harvest "Expected harvest of app 21 tonnes in 2017" VB #</Process><Process ToolSource="c:\program files (x86)\arcgis\desktop10.6\ArcToolbox\Toolboxes\Data Management Tools.tbx\CalculateField" Date="20190806" Time="162720">CalculateField musselfarms_app_areas Surface_ha 0.5 VB #</Process><Process ToolSource="c:\program files (x86)\arcgis\desktop10.6\ArcToolbox\Toolboxes\Data Management Tools.tbx\CalculateField" Date="20190806" Time="163038">CalculateField musselfarms_app_areas Country "Sweden" VB #</Process></lineage></DataProperties></Esri></metadata>
