<?xml version="1.0" encoding="UTF-8"?>
<metadata xml:lang="da"><Esri><CreaDate>20190812</CreaDate><CreaTime>13463400</CreaTime><ArcGISFormat>1.0</ArcGISFormat><SyncOnce>TRUE</SyncOnce><DataProperties><lineage><Process ToolSource="c:\program files (x86)\arcgis\desktop10.6\ArcToolbox\Toolboxes\Data Management Tools.tbx\CalculateField" Date="20190809" Time="105800">CalculateField potential_marine_park_sites2014 name "The wreck of the Osborne &amp; Elizabeth (WGS84: N59.861232, E22.768964)" VB #</Process><Process ToolSource="c:\program files (x86)\arcgis\desktop10.6\ArcToolbox\Toolboxes\Data Management Tools.tbx\CalculateField" Date="20190809" Time="105829">CalculateField potential_marine_park_sites2014 country "Finland" VB #</Process><Process ToolSource="c:\program files (x86)\arcgis\desktop10.6\ArcToolbox\Toolboxes\Data Management Tools.tbx\CalculateField" Date="20190809" Time="105900">CalculateField potential_marine_park_sites2014 status "Top 10 potential" VB #</Process><Process ToolSource="c:\program files (x86)\arcgis\desktop10.6\ArcToolbox\Toolboxes\Data Management Tools.tbx\CalculateField" Date="20190809" Time="111627">CalculateField potential_marine_park_sites2014 type "potential underwater cultural trails" VB #</Process></lineage></DataProperties></Esri></metadata>
