<PAMDataset>
  <Metadata />
  <Metadata domain="Esri">
    <MDI key="PyramidResamplingType">NEAREST</MDI>
  </Metadata>
  <PAMRasterBand band="1">
    <Histograms>
      <HistItem>
        <HistMin>0</HistMin>
        <HistMax>1</HistMax>
        <BucketCount>256</BucketCount>
        <IncludeOutOfRange>1</IncludeOutOfRange>
        <Approximate>0</Approximate>
        <HistCounts>399541|0|0|0|0|0|0|0|0|0|0|0|0|0|0|0|0|0|0|0|0|0|0|0|0|0|0|0|0|0|0|0|0|0|0|0|0|0|0|0|1|0|0|0|0|0|0|0|0|0|109|7|0|5|0|0|0|0|0|0|0|2|0|32|219|26|10|5|0|106|0|0|205|27|0|4|0|63|340|69|3|9|261|47|2|28|291|38|5|82|148|113|368|32|166|41|325|31|83|39|397|195|26|121|396|278|104|138|189|85|495|164|256|308|256|125|320|172|469|218|276|405|223|244|446|346|390|259|384|391|365|264|474|349|389|398|422|442|394|344|442|413|425|435|434|427|447|493|448|416|490|416|457|464|476|471|491|454|480|456|515|434|456|420|443|425|407|407|344|381|386|382|350|343|402|385|335|306|323|324|281|276|277|253|249|236|211|204|197|183|162|156|139|118|147|122|92|123|88|100|86|67|59|59|54|69|69|51|60|52|30|49|33|26|41|32|41|27|33|18|15|19|21|23|11|8|8|4|13|10|10|8|7|7|6|5|3|5|1|3|2|1|3|1|0|2|2|0|0|1|1|1|0|0|0|1</HistCounts>
      </HistItem>
    </Histograms>
    <Metadata>
      <MDI key="RepresentationType">ATHEMATIC</MDI>
      <MDI key="STATISTICS_COVARIANCES">0.02629184798729523</MDI>
      <MDI key="STATISTICS_MAXIMUM">1</MDI>
      <MDI key="STATISTICS_MEAN">0.047958519061395</MDI>
      <MDI key="STATISTICS_MINIMUM">0</MDI>
      <MDI key="STATISTICS_SKIPFACTORX">1</MDI>
      <MDI key="STATISTICS_SKIPFACTORY">1</MDI>
      <MDI key="STATISTICS_STDDEV">0.16214761172245</MDI>
    </Metadata>
  </PAMRasterBand>
</PAMDataset>
