<?xml version="1.0" encoding="UTF-8"?>
<metadata xml:lang="da"><Esri><CreaDate>20180828</CreaDate><CreaTime>20304400</CreaTime><ArcGISFormat>1.0</ArcGISFormat><SyncOnce>TRUE</SyncOnce><DataProperties><lineage><Process Name="Add Field (4)" ToolSource="c:\program files (x86)\arcgis\desktop10.5\ArcToolbox\Toolboxes\Data Management Tools.tbx\AddField" Date="20180828" Time="203044">AddField Shellfish_mariculture_points valuefield SHORT # # # # NULLABLE NON_REQUIRED #</Process><Process Name="Calculate Field (5)" ToolSource="c:\program files (x86)\arcgis\desktop10.5\ArcToolbox\Toolboxes\Data Management Tools.tbx\CalculateField" Date="20180828" Time="203048">CalculateField Shellfish_mariculture_points valuefield 1 VB #</Process></lineage></DataProperties></Esri></metadata>
