<?xml version="1.0" encoding="UTF-8"?>
<metadata xml:lang="da"><Esri><CreaDate>20180828</CreaDate><CreaTime>22124100</CreaTime><ArcGISFormat>1.0</ArcGISFormat><SyncOnce>TRUE</SyncOnce><DataProperties><lineage><Process Name="Add Field (17)" ToolSource="c:\program files (x86)\arcgis\desktop10.5\ArcToolbox\Toolboxes\Data Management Tools.tbx\AddField" Date="20180828" Time="221241">AddField HELCOM_effort_year_Midwater_trawl_VMS_2013 valuefield SHORT # # # # NULLABLE NON_REQUIRED #</Process><Process Name="Calculate Field (17)" ToolSource="c:\program files (x86)\arcgis\desktop10.5\ArcToolbox\Toolboxes\Data Management Tools.tbx\CalculateField" Date="20180828" Time="221243">CalculateField HELCOM_effort_year_Midwater_trawl_VMS_2013 valuefield 1 VB #</Process><Process Name="Add Field (17)" ToolSource="c:\program files (x86)\arcgis\desktop10.5\ArcToolbox\Toolboxes\Data Management Tools.tbx\AddField" Date="20180828" Time="223730">AddField HELCOM_effort_year_Midwater_trawl_VMS_2013 valuefield SHORT # # # # NULLABLE NON_REQUIRED #</Process><Process Name="Calculate Field (17)" ToolSource="c:\program files (x86)\arcgis\desktop10.5\ArcToolbox\Toolboxes\Data Management Tools.tbx\CalculateField" Date="20180828" Time="223731">CalculateField HELCOM_effort_year_Midwater_trawl_VMS_2013 valuefield 1 VB #</Process></lineage></DataProperties></Esri></metadata>
