<?xml version="1.0" encoding="UTF-8"?>
<metadata xml:lang="da"><Esri><CreaDate>20180828</CreaDate><CreaTime>22124600</CreaTime><ArcGISFormat>1.0</ArcGISFormat><SyncOnce>TRUE</SyncOnce><DataProperties><lineage><Process Name="Add Field (18)" ToolSource="c:\program files (x86)\arcgis\desktop10.5\ArcToolbox\Toolboxes\Data Management Tools.tbx\AddField" Date="20180828" Time="221246">AddField HELCOM_effort_year_MBCG_VMS_2013 valuefield SHORT # # # # NULLABLE NON_REQUIRED #</Process><Process Name="Calculate Field (18)" ToolSource="c:\program files (x86)\arcgis\desktop10.5\ArcToolbox\Toolboxes\Data Management Tools.tbx\CalculateField" Date="20180828" Time="221247">CalculateField HELCOM_effort_year_MBCG_VMS_2013 valuefield 1 VB #</Process><Process Name="Add Field (18)" ToolSource="c:\program files (x86)\arcgis\desktop10.5\ArcToolbox\Toolboxes\Data Management Tools.tbx\AddField" Date="20180828" Time="223734">AddField HELCOM_effort_year_MBCG_VMS_2013 valuefield SHORT # # # # NULLABLE NON_REQUIRED #</Process><Process Name="Calculate Field (18)" ToolSource="c:\program files (x86)\arcgis\desktop10.5\ArcToolbox\Toolboxes\Data Management Tools.tbx\CalculateField" Date="20180828" Time="223735">CalculateField HELCOM_effort_year_MBCG_VMS_2013 valuefield 1 VB #</Process></lineage></DataProperties></Esri></metadata>
