<?xml version="1.0" encoding="UTF-8"?>
<metadata xml:lang="da"><Esri><CreaDate>20190402</CreaDate><CreaTime>12160100</CreaTime><ArcGISFormat>1.0</ArcGISFormat><SyncOnce>TRUE</SyncOnce><DataProperties><lineage><Process ToolSource="c:\program files (x86)\arcgis\desktop10.6\ArcToolbox\Toolboxes\Conversion Tools.tbx\PolygonToRaster" Date="20190402" Time="121601">PolygonToRaster baseareapolygon Id C:\Users\IdaRei\HELCOMdata\inputdata\draft\basearea_final.tif CELL_CENTER NONE 1000</Process></lineage></DataProperties></Esri></metadata>
